{
  "Total" : {
    "transaction" : "Total",
    "sampleCount" : 1000,
    "errorCount" : 200,
    "errorPct" : 20.0,
    "meanResTime" : 3.8300000000000014,
    "medianResTime" : 2.0,
    "minResTime" : 0.0,
    "maxResTime" : 224.0,
    "pct1ResTime" : 8.0,
    "pct2ResTime" : 12.0,
    "pct3ResTime" : 22.0,
    "throughput" : 0.06788086528010497,
    "receivedKBytesPerSec" : 0.048192762752574524,
    "sentKBytesPerSec" : 0.006151703416009512
  },
  "HTTP Request" : {
    "transaction" : "HTTP Request",
    "sampleCount" : 1000,
    "errorCount" : 200,
    "errorPct" : 20.0,
    "meanResTime" : 3.8300000000000014,
    "medianResTime" : 2.0,
    "minResTime" : 0.0,
    "maxResTime" : 224.0,
    "pct1ResTime" : 8.0,
    "pct2ResTime" : 12.0,
    "pct3ResTime" : 22.0,
    "throughput" : 0.06788086528010497,
    "receivedKBytesPerSec" : 0.048192762752574524,
    "sentKBytesPerSec" : 0.006151703416009512
  }
}